location_id,location_name,year,sdi
160,Afghanistan,1990,0.180215029102781
160,Afghanistan,1991,0.180918662888377
160,Afghanistan,1992,0.18243880977501
160,Afghanistan,1993,0.183535770148743
160,Afghanistan,1994,0.183154743702586
160,Afghanistan,1995,0.18348224165543
160,Afghanistan,1996,0.183143940907714
160,Afghanistan,1997,0.182758763180619
160,Afghanistan,1998,0.182582656046475
160,Afghanistan,1999,0.182526367273221
33,Armenia,1990,0.542994201221043
33,Armenia,1991,0.545421331177867
33,Armenia,1992,0.546581028776106
33,Armenia,1993,0.549284279111457
33,Armenia,1994,0.552973115928751
33,Armenia,1995,0.557248307497977
33,Armenia,1996,0.56205761247725206
33,Armenia,1997,0.567027222804231
33,Armenia,1998,0.572460656436944
33,Armenia,1999,0.577585409958241
34,Azerbaijan,1990,0.603846859746538
34,Azerbaijan,1991,0.603010571276242
34,Azerbaijan,1992,0.601206951120122
34,Azerbaijan,1993,0.599700312637665
34,Azerbaijan,1994,0.598123277273331
34,Azerbaijan,1995,0.595555246696925
34,Azerbaijan,1996,0.592579308843619
34,Azerbaijan,1997,0.589606509301265
34,Azerbaijan,1998,0.586794204911606
34,Azerbaijan,1999,0.585468738169778
140,Bahrain,1990,0.582719745950499
140,Bahrain,1991,0.588780171669074
140,Bahrain,1992,0.5944016065831
140,Bahrain,1993,0.600295300940185
140,Bahrain,1994,0.605995035310694
140,Bahrain,1995,0.611935085566994
140,Bahrain,1996,0.618342055489922
140,Bahrain,1997,0.624569133099109
140,Bahrain,1998,0.631078391692966
140,Bahrain,1999,0.638262540005794
161,Bangladesh,1990,0.239989531428143
161,Bangladesh,1991,0.249140906105879
161,Bangladesh,1992,0.25732781713314
161,Bangladesh,1993,0.264332774333422
161,Bangladesh,1994,0.271651371516809
161,Bangladesh,1995,0.27816671524025
161,Bangladesh,1996,0.283994889076912
161,Bangladesh,1997,0.290973303394414
161,Bangladesh,1998,0.297993372632647
161,Bangladesh,1999,0.304209145538173
162,Bhutan,1990,0.228520289876361
162,Bhutan,1991,0.236825656887892
162,Bhutan,1992,0.244175780525465
162,Bhutan,1993,0.250490945203328
162,Bhutan,1994,0.25745005329842
162,Bhutan,1995,0.265503010181843
162,Bhutan,1996,0.273898953807386
162,Bhutan,1997,0.282554533009506
162,Bhutan,1998,0.291265825069552
162,Bhutan,1999,0.300296281419307
66,Brunei Darussalam,1990,0.677062936470468
66,Brunei Darussalam,1991,0.682664212277579
66,Brunei Darussalam,1992,0.688412052155923
66,Brunei Darussalam,1993,0.694074867425947
66,Brunei Darussalam,1994,0.699681756328694
66,Brunei Darussalam,1995,0.705255708068823
66,Brunei Darussalam,1996,0.710957613382421
66,Brunei Darussalam,1997,0.716661029262354
66,Brunei Darussalam,1998,0.722666291115744
66,Brunei Darussalam,1999,0.728957675984704
10,Cambodia,1990,0.297912179089522
10,Cambodia,1991,0.301747370342655
10,Cambodia,1992,0.306470875461044
10,Cambodia,1993,0.31136131236152
10,Cambodia,1994,0.315706199782311
10,Cambodia,1995,0.320744031911657
10,Cambodia,1996,0.325701156526375
10,Cambodia,1997,0.330475708935064
10,Cambodia,1998,0.334886771734067
10,Cambodia,1999,0.34017776574431
6,China,1990,0.465309258276056
6,China,1991,0.473416303069462
6,China,1992,0.481462630798254
6,China,1993,0.489572958198219
6,China,1994,0.497647988551573
6,China,1995,0.506687013984296
6,China,1996,0.516988330428979
6,China,1997,0.527052007152672
6,China,1998,0.535850398998383
6,China,1999,0.544485732105545
77,Cyprus,1990,0.648930324173449
77,Cyprus,1991,0.65755206117854
77,Cyprus,1992,0.668323099267378
77,Cyprus,1993,0.680012069018995
77,Cyprus,1994,0.691736644938693
77,Cyprus,1995,0.703222989878841
77,Cyprus,1996,0.713519752937439
77,Cyprus,1997,0.722973007678658
77,Cyprus,1998,0.732341319464214
77,Cyprus,1999,0.741521280076981
533,Georgia,1990,0.662948862201229
533,Georgia,1990,0.751922850122212
533,Georgia,1991,0.668328921376644
533,Georgia,1991,0.755481924013955
533,Georgia,1992,0.670362429210415
533,Georgia,1992,0.759624342427141
533,Georgia,1993,0.668813100058693
533,Georgia,1993,0.763482887890378
533,Georgia,1994,0.663964875270243
533,Georgia,1994,0.766601445784564
533,Georgia,1995,0.657463069560276
533,Georgia,1995,0.769160333416212
533,Georgia,1996,0.650723831888575
533,Georgia,1996,0.770917880005577
533,Georgia,1997,0.644671580576929
533,Georgia,1997,0.77191392446547
533,Georgia,1998,0.639475501872363
533,Georgia,1998,0.772676112361405
533,Georgia,1999,0.636471924707424
533,Georgia,1999,0.773921003474556
163,India,1990,0.34158605212862
163,India,1991,0.347095430687511
163,India,1992,0.352581182250344
163,India,1993,0.358240463484792
163,India,1994,0.364222397360532
163,India,1995,0.370675648612475
163,India,1996,0.377450081462877
163,India,1997,0.384048699047832
163,India,1998,0.390755172922742
163,India,1999,0.397642560285586
11,Indonesia,1990,0.460320627906744
11,Indonesia,1991,0.469123823357464
11,Indonesia,1992,0.477936078734276
11,Indonesia,1993,0.486531663408129
11,Indonesia,1994,0.494891339750205
11,Indonesia,1995,0.502959466073517
11,Indonesia,1996,0.510766068331028
11,Indonesia,1997,0.518495213779642
11,Indonesia,1998,0.524276901125435
11,Indonesia,1999,0.529254544104506
142,Iran (Islamic Republic of),1990,0.453887083927575
142,Iran (Islamic Republic of),1991,0.472034118950243
142,Iran (Islamic Republic of),1992,0.486367683726322
142,Iran (Islamic Republic of),1993,0.497953538170195
142,Iran (Islamic Republic of),1994,0.508873659268325
142,Iran (Islamic Republic of),1995,0.519987983225772
142,Iran (Islamic Republic of),1996,0.530757828509217
142,Iran (Islamic Republic of),1997,0.540355523007052
142,Iran (Islamic Republic of),1998,0.54950259368348
142,Iran (Islamic Republic of),1999,0.559301855894421
143,Iraq,1990,0.433402732937295
143,Iraq,1991,0.434484337224425
143,Iraq,1992,0.436151844388783
143,Iraq,1993,0.43942078651499
143,Iraq,1994,0.442438669387835
143,Iraq,1995,0.444425345478281
143,Iraq,1996,0.447563333575141
143,Iraq,1997,0.452210576257074
143,Iraq,1998,0.459848070413615
143,Iraq,1999,0.468560668245233
85,Israel,1990,0.729507076469575
85,Israel,1991,0.73376217455191
85,Israel,1992,0.73848517511259
85,Israel,1993,0.743064469927069
85,Israel,1994,0.747684536790608
85,Israel,1995,0.752198162431526
85,Israel,1996,0.756272297163167
85,Israel,1997,0.759408869779597
85,Israel,1998,0.762140311885377
85,Israel,1999,0.765311331768683
67,Japan,1990,0.795726063584725
67,Japan,1991,0.80001867144221706
67,Japan,1992,0.804354989803881
67,Japan,1993,0.808111284157413
67,Japan,1994,0.811612643648738
67,Japan,1995,0.815336126791644
67,Japan,1996,0.818547038116737
67,Japan,1997,0.821031050483249
67,Japan,1998,0.823121644381351
67,Japan,1999,0.824946528356615
144,Jordan,1990,0.552456358301966
144,Jordan,1991,0.555840979366601
144,Jordan,1992,0.55989081821894
144,Jordan,1993,0.564047979828964
144,Jordan,1994,0.568410847635646
144,Jordan,1995,0.57305655787178
144,Jordan,1996,0.577441315969219
144,Jordan,1997,0.581838488111577
144,Jordan,1998,0.586146427283291
144,Jordan,1999,0.590371290094809
36,Kazakhstan,1990,0.595235014624033
36,Kazakhstan,1991,0.596182283815601
36,Kazakhstan,1992,0.600968732712463
36,Kazakhstan,1993,0.608275223035642
36,Kazakhstan,1994,0.615808756160346
36,Kazakhstan,1995,0.623563469345543
36,Kazakhstan,1996,0.630233949042242
36,Kazakhstan,1997,0.634149087542641
36,Kazakhstan,1998,0.637883654752521
36,Kazakhstan,1999,0.643167098403439
145,Kuwait,1990,0.687170823125099
145,Kuwait,1991,0.690125250152745
145,Kuwait,1992,0.689745972934285
145,Kuwait,1993,0.688344007898564
145,Kuwait,1994,0.687916923270775
145,Kuwait,1995,0.690403197432186
145,Kuwait,1996,0.696594016262476
145,Kuwait,1997,0.707419699796882
145,Kuwait,1998,0.719833546115801
145,Kuwait,1999,0.73027891453361
37,Kyrgyzstan,1990,0.52283542623469
37,Kyrgyzstan,1991,0.5266057803255
37,Kyrgyzstan,1992,0.530640411213356
37,Kyrgyzstan,1993,0.53588959970615
37,Kyrgyzstan,1994,0.540467519010556
37,Kyrgyzstan,1995,0.543160277589386
37,Kyrgyzstan,1996,0.545738546247561
37,Kyrgyzstan,1997,0.547602575412766
37,Kyrgyzstan,1998,0.546934636042353
37,Kyrgyzstan,1999,0.545868117669475
12,Lao People's Democratic Republic,1990,0.279022935694397
12,Lao People's Democratic Republic,1991,0.283407681619808
12,Lao People's Democratic Republic,1992,0.287833991350106
12,Lao People's Democratic Republic,1993,0.292415178722534
12,Lao People's Democratic Republic,1994,0.297381299154913
12,Lao People's Democratic Republic,1995,0.302616565724006
12,Lao People's Democratic Republic,1996,0.308189899496909
12,Lao People's Democratic Republic,1997,0.314285887721021
12,Lao People's Democratic Republic,1998,0.32081671320246
12,Lao People's Democratic Republic,1999,0.328248444666823
146,Lebanon,1990,0.563510243572203
146,Lebanon,1991,0.566184700198447
146,Lebanon,1992,0.568952232717349
146,Lebanon,1993,0.571728627684999
146,Lebanon,1994,0.574691327180387
146,Lebanon,1995,0.578198304259481
146,Lebanon,1996,0.582618982186795
146,Lebanon,1997,0.587499734786502
146,Lebanon,1998,0.593144947277092
146,Lebanon,1999,0.598522975106369
13,Malaysia,1990,0.568850087286537
13,Malaysia,1991,0.57441136888865
13,Malaysia,1992,0.580815840834753
13,Malaysia,1993,0.588912768431145
13,Malaysia,1994,0.597799274358909
13,Malaysia,1995,0.606701143254597
13,Malaysia,1996,0.616198391785185
13,Malaysia,1997,0.626721414315142
13,Malaysia,1998,0.636652490421014
13,Malaysia,1999,0.645847709467907
14,Maldives,1990,0.334014369045006
14,Maldives,1991,0.346418914467143
14,Maldives,1992,0.359805599711245
14,Maldives,1993,0.373840836649158
14,Maldives,1994,0.388631890426109
14,Maldives,1995,0.403872292634628
14,Maldives,1996,0.4196710815075
14,Maldives,1997,0.435804107761317
14,Maldives,1998,0.451533926710242
14,Maldives,1999,0.466229856689434
38,Mongolia,1990,0.47447082494515
38,Mongolia,1991,0.480874042814011
38,Mongolia,1992,0.486971455682437
38,Mongolia,1993,0.492827422771839
38,Mongolia,1994,0.49909305038732
38,Mongolia,1995,0.506305369756048
38,Mongolia,1996,0.513373187261402
38,Mongolia,1997,0.520692186586942
38,Mongolia,1998,0.527432747247107
38,Mongolia,1999,0.533993077227556
15,Myanmar,1990,0.325768672987006
15,Myanmar,1991,0.328462163916189
15,Myanmar,1992,0.331951956110164
15,Myanmar,1993,0.335891684326879
15,Myanmar,1994,0.340469033948725
15,Myanmar,1995,0.345684677055867
15,Myanmar,1996,0.351249662666171
15,Myanmar,1997,0.356933879921941
15,Myanmar,1998,0.362666601444347
15,Myanmar,1999,0.368986902248888
164,Nepal,1990,0.208796103326191
164,Nepal,1991,0.214736103180587
164,Nepal,1992,0.220839988954415
164,Nepal,1993,0.227258081123335
164,Nepal,1994,0.234203404244112
164,Nepal,1995,0.24110780073369
164,Nepal,1996,0.248311299033416
164,Nepal,1997,0.255785441791568
164,Nepal,1998,0.263429207942969
164,Nepal,1999,0.271315829176806
7,Democratic People's Republic of Korea,1990,0.501894333000092
7,Democratic People's Republic of Korea,1991,0.503165986641447
7,Democratic People's Republic of Korea,1992,0.503516524262105
7,Democratic People's Republic of Korea,1993,0.503384287344848
7,Democratic People's Republic of Korea,1994,0.50298174598998
7,Democratic People's Republic of Korea,1995,0.502188262631551
7,Democratic People's Republic of Korea,1996,0.501205272272153
7,Democratic People's Republic of Korea,1997,0.499731941094683
7,Democratic People's Republic of Korea,1998,0.498663136068767
7,Democratic People's Republic of Korea,1999,0.498986887039763
150,Oman,1990,0.424900102683741
150,Oman,1991,0.439821362432778
150,Oman,1992,0.456289750281117
150,Oman,1993,0.474536391216946
150,Oman,1994,0.494655687850493
150,Oman,1995,0.516138133384655
150,Oman,1996,0.538238241787502
150,Oman,1997,0.560236862767576
150,Oman,1998,0.580769655099001
150,Oman,1999,0.599274021676294
165,Pakistan,1990,0.315462663476593
165,Pakistan,1991,0.320792214188914
165,Pakistan,1992,0.326237243432889
165,Pakistan,1993,0.33170713304030103
165,Pakistan,1994,0.337316168053441
165,Pakistan,1995,0.343107992139595
165,Pakistan,1996,0.348978749627061
165,Pakistan,1997,0.354550207990865
165,Pakistan,1998,0.35996422381947
165,Pakistan,1999,0.365533741872979
149,Palestine,1990,0.417843277380191
149,Palestine,1991,0.421944340856655
149,Palestine,1992,0.42751548558558
149,Palestine,1993,0.433221552140933
149,Palestine,1994,0.439623071322906
149,Palestine,1995,0.445759686072167
149,Palestine,1996,0.450997653156245
149,Palestine,1997,0.456938143434142
149,Palestine,1998,0.463609595812901
149,Palestine,1999,0.470351018853216
16,Philippines,1990,0.515982064875605
16,Philippines,1991,0.519653959018461
16,Philippines,1992,0.523280061201697
16,Philippines,1993,0.527012682266089
16,Philippines,1994,0.531126223990848
16,Philippines,1995,0.535421564158649
16,Philippines,1996,0.539646403765595
16,Philippines,1997,0.543273451038938
16,Philippines,1998,0.546054385770671
16,Philippines,1999,0.548635928292512
151,Qatar,1990,0.628092072284423
151,Qatar,1991,0.637001651346942
151,Qatar,1992,0.647552418188076
151,Qatar,1993,0.658564033117902
151,Qatar,1994,0.669820031061419
151,Qatar,1995,0.680898828553195
151,Qatar,1996,0.690781571587804
151,Qatar,1997,0.701362090715419
151,Qatar,1998,0.711245890860465
151,Qatar,1999,0.719795584813104
152,Saudi Arabia,1990,0.443693576486491
152,Saudi Arabia,1991,0.469297065041315
152,Saudi Arabia,1992,0.494903630387608
152,Saudi Arabia,1993,0.519642475818213
152,Saudi Arabia,1994,0.543087352217399
152,Saudi Arabia,1995,0.564775684709281
152,Saudi Arabia,1996,0.584823834919028
152,Saudi Arabia,1997,0.602718777208828
152,Saudi Arabia,1998,0.618432763664525
152,Saudi Arabia,1999,0.632115558487363
69,Singapore,1990,0.697561317097932
69,Singapore,1991,0.706407734132849
69,Singapore,1992,0.714699464605523
69,Singapore,1993,0.723505423907451
69,Singapore,1994,0.732324273517903
69,Singapore,1995,0.741018587770606
69,Singapore,1996,0.749977613544437
69,Singapore,1997,0.758531596422674
69,Singapore,1998,0.765799069255821
69,Singapore,1999,0.770846220977824
68,Republic of Korea,1990,0.701221133829193
68,Republic of Korea,1991,0.711159253284098
68,Republic of Korea,1992,0.720550464708621
68,Republic of Korea,1993,0.730010098171929
68,Republic of Korea,1994,0.739481687084215
68,Republic of Korea,1995,0.748803097198743
68,Republic of Korea,1996,0.75801205196497
68,Republic of Korea,1997,0.766623234385513
68,Republic of Korea,1998,0.773911971331141
68,Republic of Korea,1999,0.781959538478588
17,Sri Lanka,1990,0.543049369453196
17,Sri Lanka,1991,0.548434822633907
17,Sri Lanka,1992,0.553365942899558
17,Sri Lanka,1993,0.558916516766574
17,Sri Lanka,1994,0.565018772913725
17,Sri Lanka,1995,0.571281311231099
17,Sri Lanka,1996,0.577959594411187
17,Sri Lanka,1997,0.584654390535775
17,Sri Lanka,1998,0.590289369111437
17,Sri Lanka,1999,0.594875788813466
153,Syrian Arab Republic,1990,0.417623547034773
153,Syrian Arab Republic,1991,0.422508902738428
153,Syrian Arab Republic,1992,0.42765030036574597
153,Syrian Arab Republic,1993,0.432659129684712
153,Syrian Arab Republic,1994,0.437434586526922
153,Syrian Arab Republic,1995,0.441956349195474
153,Syrian Arab Republic,1996,0.446163816569454
153,Syrian Arab Republic,1997,0.449842585551395
153,Syrian Arab Republic,1998,0.453550955633368
153,Syrian Arab Republic,1999,0.456656429993809
39,Tajikistan,1990,0.478793617391771
39,Tajikistan,1991,0.483649400590431
39,Tajikistan,1992,0.484886697053582
39,Tajikistan,1993,0.484782344429174
39,Tajikistan,1994,0.482637853484292
39,Tajikistan,1995,0.479104599806325
39,Tajikistan,1996,0.473823272893693
39,Tajikistan,1997,0.46826606441438
39,Tajikistan,1998,0.462543176941989
39,Tajikistan,1999,0.457708111755689
18,Thailand,1990,0.499392746280755
18,Thailand,1991,0.508251874881088
18,Thailand,1992,0.517277569373189
18,Thailand,1993,0.526283371589341
18,Thailand,1994,0.535140174359214
18,Thailand,1995,0.544111881897982
18,Thailand,1996,0.552725849531551
18,Thailand,1997,0.559773360519892
18,Thailand,1998,0.565070756993656
18,Thailand,1999,0.569917696230504
19,Timor-Leste,1990,0.275587435759545
19,Timor-Leste,1991,0.283849649875155
19,Timor-Leste,1992,0.292706935099699
19,Timor-Leste,1993,0.302046095963742
19,Timor-Leste,1994,0.311520105573532
19,Timor-Leste,1995,0.320701850352428
19,Timor-Leste,1996,0.330009647359476
19,Timor-Leste,1997,0.338722961221227
19,Timor-Leste,1998,0.346379051311778
19,Timor-Leste,1999,0.349925122269502
40,Turkmenistan,1990,0.576122784153333
40,Turkmenistan,1991,0.577093938594571
40,Turkmenistan,1992,0.577063847335169
40,Turkmenistan,1993,0.578108934927652
40,Turkmenistan,1994,0.577919036632472
40,Turkmenistan,1995,0.577750137231585
40,Turkmenistan,1996,0.577483281822063
40,Turkmenistan,1997,0.575992756652364
40,Turkmenistan,1998,0.574762839469529
40,Turkmenistan,1999,0.575055600115417
155,Türkiye,1990,0.478245596908257
155,Türkiye,1991,0.486270188287933
155,Türkiye,1992,0.49427015819756
155,Türkiye,1993,0.502576323228731
155,Türkiye,1994,0.509861524134117
155,Türkiye,1995,0.517358284353918
155,Türkiye,1996,0.525058230130814
155,Türkiye,1997,0.532953141490884
155,Türkiye,1998,0.54074026066991
155,Türkiye,1999,0.547732789259357
156,United Arab Emirates,1990,0.646232055222275
156,United Arab Emirates,1991,0.663620531234075
156,United Arab Emirates,1992,0.67950455085722
156,United Arab Emirates,1993,0.693122400529564
156,United Arab Emirates,1994,0.705457873643093
156,United Arab Emirates,1995,0.717618756933205
156,United Arab Emirates,1996,0.729334212385064
156,United Arab Emirates,1997,0.740183860295802
156,United Arab Emirates,1998,0.750219967313062
156,United Arab Emirates,1999,0.759283410653895
41,Uzbekistan,1990,0.509085108343961
41,Uzbekistan,1991,0.510641007512694
41,Uzbekistan,1992,0.511953895497395
41,Uzbekistan,1993,0.515163862397943
41,Uzbekistan,1994,0.519096191787993
41,Uzbekistan,1995,0.524511951256309
41,Uzbekistan,1996,0.531222221357472
41,Uzbekistan,1997,0.538468987620891
41,Uzbekistan,1998,0.546007622342754
41,Uzbekistan,1999,0.553599258283416
20,Viet Nam,1990,0.414175369115037
20,Viet Nam,1991,0.419552409255458
20,Viet Nam,1992,0.426119761150627
20,Viet Nam,1993,0.433614592014056
20,Viet Nam,1994,0.441851004681125
20,Viet Nam,1995,0.450720810674018
20,Viet Nam,1996,0.459963644103227
20,Viet Nam,1997,0.470111957100671
20,Viet Nam,1998,0.480374062547703
20,Viet Nam,1999,0.489573904636746
157,Yemen,1990,0.210288951654114
157,Yemen,1991,0.218545380019484
157,Yemen,1992,0.227032792032658
157,Yemen,1993,0.235565636699949
157,Yemen,1994,0.244387510340097
157,Yemen,1995,0.253415032706141
157,Yemen,1996,0.262562495123536
157,Yemen,1997,0.271858960958996
157,Yemen,1998,0.281266757428794
157,Yemen,1999,0.290684879095242
160,Afghanistan,2000,0.182385515739132
160,Afghanistan,2001,0.182299429835648
160,Afghanistan,2002,0.188051591740578
160,Afghanistan,2003,0.195235769497518
160,Afghanistan,2004,0.201865423708534
160,Afghanistan,2005,0.208744023461213
160,Afghanistan,2006,0.215879627740001
160,Afghanistan,2007,0.223992168584933
160,Afghanistan,2008,0.231762928402502
160,Afghanistan,2009,0.240912659318425
160,Afghanistan,2010,0.249932240110507
160,Afghanistan,2011,0.25838086637014
160,Afghanistan,2012,0.267012827602421
160,Afghanistan,2013,0.275250856219719
160,Afghanistan,2014,0.282873646218765
160,Afghanistan,2015,0.289859192586925
160,Afghanistan,2016,0.296510681725222
160,Afghanistan,2017,0.302940676921748
160,Afghanistan,2018,0.309143780587192
160,Afghanistan,2019,0.315615730751553
160,Afghanistan,2020,0.321744702410617
160,Afghanistan,2021,0.32613036208056
160,Afghanistan,2022,0.329955767977871
160,Afghanistan,2023,0.333711266033942
33,Armenia,2000,0.582890545215596
33,Armenia,2001,0.5889236393145
33,Armenia,2002,0.596168888567952
33,Armenia,2003,0.604141951242489
33,Armenia,2004,0.61212952545077
33,Armenia,2005,0.620526308070221
33,Armenia,2006,0.629131116559387
33,Armenia,2007,0.63801161701039
33,Armenia,2008,0.646149311162193
33,Armenia,2009,0.651061823216135
33,Armenia,2010,0.655787874881006
33,Armenia,2011,0.66042708502011
33,Armenia,2012,0.665535382325684
33,Armenia,2013,0.670242439915717
33,Armenia,2014,0.674566107102981
33,Armenia,2015,0.67904207463204
33,Armenia,2016,0.683253737244633
33,Armenia,2017,0.68815158691757
33,Armenia,2018,0.693250767458741
33,Armenia,2019,0.698825539200167
33,Armenia,2020,0.702878630919047
33,Armenia,2021,0.707013034666166
33,Armenia,2022,0.711994848630566
33,Armenia,2023,0.71733491661994
34,Azerbaijan,2000,0.586136259603827
34,Azerbaijan,2001,0.588113226467209
34,Azerbaijan,2002,0.591366256938337
34,Azerbaijan,2003,0.595290432733323
34,Azerbaijan,2004,0.59952171969349
34,Azerbaijan,2005,0.606975333968115
34,Azerbaijan,2006,0.617954127578863
34,Azerbaijan,2007,0.629831320484268
34,Azerbaijan,2008,0.64014805661113106
34,Azerbaijan,2009,0.647579329881733
34,Azerbaijan,2010,0.653723590780799
34,Azerbaijan,2011,0.659052155563813
34,Azerbaijan,2012,0.663636690634492
34,Azerbaijan,2013,0.667919935001784
34,Azerbaijan,2014,0.672537844880185
34,Azerbaijan,2015,0.676543345150478
34,Azerbaijan,2016,0.680316011500963
34,Azerbaijan,2017,0.684225453766645
34,Azerbaijan,2018,0.688345238118876
34,Azerbaijan,2019,0.692482478255626
34,Azerbaijan,2020,0.695815447696865
34,Azerbaijan,2021,0.699132711625712
34,Azerbaijan,2022,0.702280646541188
34,Azerbaijan,2023,0.70529792647176
140,Bahrain,2000,0.646366220748377
140,Bahrain,2001,0.654830265895704
140,Bahrain,2002,0.662188530018612
140,Bahrain,2003,0.668886265653642
140,Bahrain,2004,0.675245878519816
140,Bahrain,2005,0.681449040289918
140,Bahrain,2006,0.687480090231301
140,Bahrain,2007,0.693782078851082
140,Bahrain,2008,0.699948155236406
140,Bahrain,2009,0.704747890767273
140,Bahrain,2010,0.708493156080073
140,Bahrain,2011,0.711399176202425
140,Bahrain,2012,0.715259477443772
140,Bahrain,2013,0.720248598288897
140,Bahrain,2014,0.726074771804813
140,Bahrain,2015,0.732267071750117
140,Bahrain,2016,0.738685360266029
140,Bahrain,2017,0.745965088681781
140,Bahrain,2018,0.753418869650478
140,Bahrain,2019,0.760545750361168
140,Bahrain,2020,0.766770004923082
140,Bahrain,2021,0.772566247500067
140,Bahrain,2022,0.778332038559307
140,Bahrain,2023,0.784320905201141
161,Bangladesh,2000,0.310149652867503
161,Bangladesh,2001,0.315326493706024
161,Bangladesh,2002,0.319913924669345
161,Bangladesh,2003,0.324619677421286
161,Bangladesh,2004,0.330919545031875
161,Bangladesh,2005,0.338055422313608
161,Bangladesh,2006,0.345580612596396
161,Bangladesh,2007,0.35373090731064
161,Bangladesh,2008,0.362159454228131
161,Bangladesh,2009,0.371067852446992
161,Bangladesh,2010,0.380370348543141
161,Bangladesh,2011,0.390795124853274
161,Bangladesh,2012,0.40312977584674897
161,Bangladesh,2013,0.416325479015047
161,Bangladesh,2014,0.429406722047979
161,Bangladesh,2015,0.441521275738058
161,Bangladesh,2016,0.452532623840536
161,Bangladesh,2017,0.462850294598716
161,Bangladesh,2018,0.473055006071694
161,Bangladesh,2019,0.482469016358815
161,Bangladesh,2020,0.490980544059493
161,Bangladesh,2021,0.499427577021123
161,Bangladesh,2022,0.50832748166632
161,Bangladesh,2023,0.517107281522032
162,Bhutan,2000,0.309348543862738
162,Bhutan,2001,0.31859949994448
162,Bhutan,2002,0.328338956151687
162,Bhutan,2003,0.338196264339809
162,Bhutan,2004,0.348061432110269
162,Bhutan,2005,0.357848304793522
162,Bhutan,2006,0.367738721840692
162,Bhutan,2007,0.378618585442656
162,Bhutan,2008,0.389602382879293
162,Bhutan,2009,0.401067961488278
162,Bhutan,2010,0.41320353039109
162,Bhutan,2011,0.42550872497891
162,Bhutan,2012,0.437704014467953
162,Bhutan,2013,0.449147686361996
162,Bhutan,2014,0.459865749508109
162,Bhutan,2015,0.470062248913814
162,Bhutan,2016,0.479913901524113
162,Bhutan,2017,0.489082923150545
162,Bhutan,2018,0.497167874072042
162,Bhutan,2019,0.504454966675906
162,Bhutan,2020,0.510118539292835
162,Bhutan,2021,0.515037092324428
162,Bhutan,2022,0.51968208296875
162,Bhutan,2023,0.524253930154343
66,Brunei Darussalam,2000,0.73546805531613
66,Brunei Darussalam,2001,0.742242868116371
66,Brunei Darussalam,2002,0.749093402165139
66,Brunei Darussalam,2003,0.755797095149808
66,Brunei Darussalam,2004,0.762165818778579
66,Brunei Darussalam,2005,0.767961841831167
66,Brunei Darussalam,2006,0.773111209834815
66,Brunei Darussalam,2007,0.77788560154122
66,Brunei Darussalam,2008,0.78224854922832
66,Brunei Darussalam,2009,0.786377252189632
66,Brunei Darussalam,2010,0.79025603056413
66,Brunei Darussalam,2011,0.793911656249446
66,Brunei Darussalam,2012,0.797757632767471
66,Brunei Darussalam,2013,0.801708657341638
66,Brunei Darussalam,2014,0.805639264995721
66,Brunei Darussalam,2015,0.809416606592787
66,Brunei Darussalam,2016,0.813005925169728
66,Brunei Darussalam,2017,0.816313415287116
66,Brunei Darussalam,2018,0.819279273832598
66,Brunei Darussalam,2019,0.822023310173389
66,Brunei Darussalam,2020,0.824696281738102
66,Brunei Darussalam,2021,0.82730610185589
66,Brunei Darussalam,2022,0.829883688026961
66,Brunei Darussalam,2023,0.83236394657054
10,Cambodia,2000,0.346046823944454
10,Cambodia,2001,0.352407993016428
10,Cambodia,2002,0.359238255189875
10,Cambodia,2003,0.366644622937466
10,Cambodia,2004,0.374663104269676
10,Cambodia,2005,0.383431031520666
10,Cambodia,2006,0.392321965557548
10,Cambodia,2007,0.40117368938015
10,Cambodia,2008,0.409702589473303
10,Cambodia,2009,0.417191561730241
10,Cambodia,2010,0.424048789106798
10,Cambodia,2011,0.430704890332828
10,Cambodia,2012,0.437279016791452
10,Cambodia,2013,0.44356811693797
10,Cambodia,2014,0.449741628441783
10,Cambodia,2015,0.455859697550779
10,Cambodia,2016,0.461918487351532
10,Cambodia,2017,0.467955251070514
10,Cambodia,2018,0.474058287308167
10,Cambodia,2019,0.480206498831822
10,Cambodia,2020,0.485192543890451
10,Cambodia,2021,0.490028713355454
10,Cambodia,2022,0.494960096618065
10,Cambodia,2023,0.499953382073157
6,China,2000,0.552336010573426
6,China,2001,0.558919487271588
6,China,2002,0.565621027935012
6,China,2003,0.572507897293113
6,China,2004,0.580647615604062
6,China,2005,0.589981971428875
6,China,2006,0.600578258395515
6,China,2007,0.611022840718744
6,China,2008,0.620819689605186
6,China,2009,0.63019104354537
6,China,2010,0.642159876993456
6,China,2011,0.652089229965814
6,China,2012,0.657128020215688
6,China,2013,0.661302502010086
6,China,2014,0.66507774278267
6,China,2015,0.667082534212775
6,China,2016,0.6701965765836
6,China,2017,0.678073480377939
6,China,2018,0.687058093762202
6,China,2019,0.69634448302082
6,China,2020,0.705672619549513
6,China,2021,0.713940184682145
6,China,2022,0.720965356925905
6,China,2023,0.727553273547614
77,Cyprus,2000,0.75042177922052
77,Cyprus,2001,0.759080666262352
77,Cyprus,2002,0.767011233378691
77,Cyprus,2003,0.77382330032299
77,Cyprus,2004,0.78007129666115
77,Cyprus,2005,0.785794597418119
77,Cyprus,2006,0.791872171344934
77,Cyprus,2007,0.799241719853187
77,Cyprus,2008,0.806583108081861
77,Cyprus,2009,0.81255286367099
77,Cyprus,2010,0.817734553797326
77,Cyprus,2011,0.822177999498714
77,Cyprus,2012,0.825871479034645
77,Cyprus,2013,0.828529852433307
77,Cyprus,2014,0.830555426832797
77,Cyprus,2015,0.83242522904859
77,Cyprus,2016,0.834574491557354
77,Cyprus,2017,0.83697056538813
77,Cyprus,2018,0.839584663433711
77,Cyprus,2019,0.842349378066093
77,Cyprus,2020,0.84455733385711
77,Cyprus,2021,0.847888001071256
77,Cyprus,2022,0.851815197169128
77,Cyprus,2023,0.855816058125028
533,Georgia,2000,0.636467758893662
533,Georgia,2000,0.776231722239034
533,Georgia,2001,0.639658386611084
533,Georgia,2001,0.778969157084936
533,Georgia,2002,0.644672365685507
533,Georgia,2002,0.78131110431562
533,Georgia,2003,0.650148953802114
533,Georgia,2003,0.782984817077682
533,Georgia,2004,0.654586555791178
533,Georgia,2004,0.784658496324127
533,Georgia,2005,0.65878687786679
533,Georgia,2005,0.786249182472417
533,Georgia,2006,0.662987085802464
533,Georgia,2006,0.789320453470739
533,Georgia,2007,0.667625939265469
533,Georgia,2007,0.79503939056695
533,Georgia,2008,0.671682240554461
533,Georgia,2008,0.801713698850785
533,Georgia,2009,0.675123791076671
533,Georgia,2009,0.808040874024142
533,Georgia,2010,0.679194879586389
533,Georgia,2010,0.814329587951137
533,Georgia,2011,0.683328205328433
533,Georgia,2011,0.819681261699338
533,Georgia,2012,0.687078664711326
533,Georgia,2012,0.824696308957376
533,Georgia,2013,0.690219983429242
533,Georgia,2013,0.828990859760171
533,Georgia,2014,0.693919574337621
533,Georgia,2014,0.833020851754406
533,Georgia,2015,0.699257340196022
533,Georgia,2015,0.836822924342357
533,Georgia,2016,0.705935434495464
533,Georgia,2016,0.840903862939343
533,Georgia,2017,0.713386026692918
533,Georgia,2017,0.844737959512682
533,Georgia,2018,0.721153701126996
533,Georgia,2018,0.848646539394204
533,Georgia,2019,0.729067178425006
533,Georgia,2019,0.852438057036358
533,Georgia,2020,0.735082167207353
533,Georgia,2020,0.855381225696348
533,Georgia,2021,0.741614364105456
533,Georgia,2021,0.857875844275907
533,Georgia,2022,0.748452626468096
533,Georgia,2022,0.860378849507849
533,Georgia,2023,0.754633377467428
533,Georgia,2023,0.862982800071001
163,India,2000,0.404188776444049
163,India,2001,0.410407083956776
163,India,2002,0.41630011525328
163,India,2003,0.422420444202134
163,India,2004,0.428873140285576
163,India,2005,0.435758748233979
163,India,2006,0.443197957122429
163,India,2007,0.451147785779284
163,India,2008,0.458909771676552
163,India,2009,0.467266447855795
163,India,2010,0.476477072910278
163,India,2011,0.486240573252473
163,India,2012,0.496788630319128
163,India,2013,0.508068254359972
163,India,2014,0.519808579334084
163,India,2015,0.531792865999639
163,India,2016,0.543662110226321
163,India,2017,0.554885841371919
163,India,2018,0.565496437625907
163,India,2019,0.575196977533206
163,India,2020,0.583043191936484
163,India,2021,0.591102641910285
163,India,2022,0.599032353366145
163,India,2023,0.60698204787678
11,Indonesia,2000,0.533621467659459
11,Indonesia,2001,0.537725082011085
11,Indonesia,2002,0.542059183021977
11,Indonesia,2003,0.54655138131425
11,Indonesia,2004,0.55104858444977
11,Indonesia,2005,0.555634905007976
11,Indonesia,2006,0.560499731901337
11,Indonesia,2007,0.566123392515522
11,Indonesia,2008,0.572708301851785
11,Indonesia,2009,0.579583489878525
11,Indonesia,2010,0.586939615207078
11,Indonesia,2011,0.594739414355924
11,Indonesia,2012,0.602307345597306
11,Indonesia,2013,0.609559420207829
11,Indonesia,2014,0.616499852568399
11,Indonesia,2015,0.623064706688817
11,Indonesia,2016,0.629309309713745
11,Indonesia,2017,0.635277666857762
11,Indonesia,2018,0.641001520235915
11,Indonesia,2019,0.646621899657733
11,Indonesia,2020,0.651396696015201
11,Indonesia,2021,0.656080172703255
11,Indonesia,2022,0.660891997838811
11,Indonesia,2023,0.665731524103442
142,Iran (Islamic Republic of),2000,0.569742019263239
142,Iran (Islamic Republic of),2001,0.58007104529979
142,Iran (Islamic Republic of),2002,0.590392368892048
142,Iran (Islamic Republic of),2003,0.600678834673177
142,Iran (Islamic Republic of),2004,0.61099643403942006
142,Iran (Islamic Republic of),2005,0.621242149762572
142,Iran (Islamic Republic of),2006,0.629746766974651
142,Iran (Islamic Republic of),2007,0.636314577268933
142,Iran (Islamic Republic of),2008,0.641061524473169
142,Iran (Islamic Republic of),2009,0.645154025754377
142,Iran (Islamic Republic of),2010,0.649855600021018
142,Iran (Islamic Republic of),2011,0.654973317209773
142,Iran (Islamic Republic of),2012,0.658729911991282
142,Iran (Islamic Republic of),2013,0.661810483895922
142,Iran (Islamic Republic of),2014,0.665275228577664
142,Iran (Islamic Republic of),2015,0.669110964142308
142,Iran (Islamic Republic of),2016,0.674374145951931
142,Iran (Islamic Republic of),2017,0.680537448870577
142,Iran (Islamic Republic of),2018,0.687184606464243
142,Iran (Islamic Republic of),2019,0.693350536037294
142,Iran (Islamic Republic of),2020,0.699235393182805
142,Iran (Islamic Republic of),2021,0.705215039984196
142,Iran (Islamic Republic of),2022,0.711359498686591
142,Iran (Islamic Republic of),2023,0.717585049186546
143,Iraq,2000,0.477315051496458
143,Iraq,2001,0.485099556060673
143,Iraq,2002,0.490927605739704
143,Iraq,2003,0.49282596909567
143,Iraq,2004,0.497998835111521
143,Iraq,2005,0.502727153971967
143,Iraq,2006,0.507379675341013
143,Iraq,2007,0.511669021295271
143,Iraq,2008,0.517048791400842
143,Iraq,2009,0.523673812157728
143,Iraq,2010,0.531615693470617
143,Iraq,2011,0.540812008350623
143,Iraq,2012,0.551428279339962
143,Iraq,2013,0.562367979839892
143,Iraq,2014,0.572435312066182
143,Iraq,2015,0.581624109208142
143,Iraq,2016,0.591554941133321
143,Iraq,2017,0.601327835265755
143,Iraq,2018,0.611016959237846
143,Iraq,2019,0.620798758542813
143,Iraq,2020,0.629020644836872
143,Iraq,2021,0.637322863804056
143,Iraq,2022,0.645956616198452
143,Iraq,2023,0.653812814870099
85,Israel,2000,0.769369595631274
85,Israel,2001,0.773069563556314
85,Israel,2002,0.776089509031583
85,Israel,2003,0.778972230899947
85,Israel,2004,0.782494031143899
85,Israel,2005,0.785979931831504
85,Israel,2006,0.789224552580309
85,Israel,2007,0.791289090750362
85,Israel,2008,0.792434498135077
85,Israel,2009,0.793656709555914
85,Israel,2010,0.795741638306177
85,Israel,2011,0.798481950202683
85,Israel,2012,0.801439973747119
85,Israel,2013,0.804229733588614
85,Israel,2014,0.806834882949352
85,Israel,2015,0.809359548739019
85,Israel,2016,0.812183541887118
85,Israel,2017,0.815586688584202
85,Israel,2018,0.819781451081551
85,Israel,2019,0.824369254919722
85,Israel,2020,0.828079982936244
85,Israel,2021,0.83207070909317
85,Israel,2022,0.836674748140059
85,Israel,2023,0.840929726261678
67,Japan,2000,0.826469456362071
67,Japan,2001,0.82807040528449
67,Japan,2002,0.830138853096231
67,Japan,2003,0.832369287031868
67,Japan,2004,0.834784642451921
67,Japan,2005,0.836923153275211
67,Japan,2006,0.838590106036333
67,Japan,2007,0.840385723589844
67,Japan,2008,0.842259495091355
67,Japan,2009,0.843821172539101
67,Japan,2010,0.845905700481933
67,Japan,2011,0.848185903781307
67,Japan,2012,0.850241874191301
67,Japan,2013,0.852343518987423
67,Japan,2014,0.854475392777649
67,Japan,2015,0.85665247407267
67,Japan,2016,0.85892966300262
67,Japan,2017,0.861346609240307
67,Japan,2018,0.863870588903133
67,Japan,2019,0.866532715429739
67,Japan,2020,0.869010842226413
67,Japan,2021,0.871854985164264
67,Japan,2022,0.874008195224418
67,Japan,2023,0.875884075194139
144,Jordan,2000,0.59451336869818
144,Jordan,2001,0.598679148170046
144,Jordan,2002,0.603115084339347
144,Jordan,2003,0.607657219759881
144,Jordan,2004,0.612861584940506
144,Jordan,2005,0.618551521870875
144,Jordan,2006,0.624987557734189
144,Jordan,2007,0.631996529873363
144,Jordan,2008,0.63902507850172
144,Jordan,2009,0.645943536939156
144,Jordan,2010,0.652796127773198
144,Jordan,2011,0.659653303283986
144,Jordan,2012,0.666329478314226
144,Jordan,2013,0.672176404363519
144,Jordan,2014,0.677257093023301
144,Jordan,2015,0.681976510594761
144,Jordan,2016,0.686490321444054
144,Jordan,2017,0.6912095815618
144,Jordan,2018,0.696024811212017
144,Jordan,2019,0.700854092449597
144,Jordan,2020,0.705392840919105
144,Jordan,2021,0.710163517940178
144,Jordan,2022,0.715176307589234
144,Jordan,2023,0.720351569725412
36,Kazakhstan,2000,0.647987347215955
36,Kazakhstan,2001,0.651709722104087
36,Kazakhstan,2002,0.654214451423346
36,Kazakhstan,2003,0.656856785288606
36,Kazakhstan,2004,0.660251594741284
36,Kazakhstan,2005,0.664244032484767
36,Kazakhstan,2006,0.668121041121143
36,Kazakhstan,2007,0.672037468515515
36,Kazakhstan,2008,0.676745892998607
36,Kazakhstan,2009,0.682370051984942
36,Kazakhstan,2010,0.687956707811031
36,Kazakhstan,2011,0.692123253608582
36,Kazakhstan,2012,0.695101887640738
36,Kazakhstan,2013,0.697938713716415
36,Kazakhstan,2014,0.702010526666531
36,Kazakhstan,2015,0.706320597425611
36,Kazakhstan,2016,0.710240151891155
36,Kazakhstan,2017,0.713433959332921
36,Kazakhstan,2018,0.715033258443395
36,Kazakhstan,2019,0.716214191911901
36,Kazakhstan,2020,0.716911796981244
36,Kazakhstan,2021,0.72007657603811
36,Kazakhstan,2022,0.723951392415979
36,Kazakhstan,2023,0.72719101816277
145,Kuwait,2000,0.738449735648645
145,Kuwait,2001,0.743842850829159
145,Kuwait,2002,0.748037527856933
145,Kuwait,2003,0.753082971017802
145,Kuwait,2004,0.759905331126832
145,Kuwait,2005,0.768442975716045
145,Kuwait,2006,0.776000097920921
145,Kuwait,2007,0.784360718075155
145,Kuwait,2008,0.792481689529395
145,Kuwait,2009,0.799752069217408
145,Kuwait,2010,0.806027489835782
145,Kuwait,2011,0.811474823736606
145,Kuwait,2012,0.816607755571571
145,Kuwait,2013,0.821709173287363
145,Kuwait,2014,0.827292072747223
145,Kuwait,2015,0.833424135214191
145,Kuwait,2016,0.839753210616606
145,Kuwait,2017,0.846160380570054
145,Kuwait,2018,0.852332067620726
145,Kuwait,2019,0.858325810548929
145,Kuwait,2020,0.86392246926899
145,Kuwait,2021,0.868803165064432
145,Kuwait,2022,0.873105676543987
145,Kuwait,2023,0.877142895276235
37,Kyrgyzstan,2000,0.546124103207327
37,Kyrgyzstan,2001,0.546873496836173
37,Kyrgyzstan,2002,0.547182596440915
37,Kyrgyzstan,2003,0.547837586352563
37,Kyrgyzstan,2004,0.548698440089406
37,Kyrgyzstan,2005,0.549432432566556
37,Kyrgyzstan,2006,0.550911928546319
37,Kyrgyzstan,2007,0.552796361658317
37,Kyrgyzstan,2008,0.554725244780336
37,Kyrgyzstan,2009,0.556558721404504
37,Kyrgyzstan,2010,0.557215581372149
37,Kyrgyzstan,2011,0.559148682595541
37,Kyrgyzstan,2012,0.562260931976181
37,Kyrgyzstan,2013,0.567036347294989
37,Kyrgyzstan,2014,0.572338333539085
37,Kyrgyzstan,2015,0.577584073406407
37,Kyrgyzstan,2016,0.582445146847532
37,Kyrgyzstan,2017,0.588722520036411
37,Kyrgyzstan,2018,0.596408825206978
37,Kyrgyzstan,2019,0.604497358972082
37,Kyrgyzstan,2020,0.610631016920284
37,Kyrgyzstan,2021,0.616088361859538
37,Kyrgyzstan,2022,0.620955334867015
37,Kyrgyzstan,2023,0.625153433087844
12,Lao People's Democratic Republic,2000,0.336434068940839
12,Lao People's Democratic Republic,2001,0.345696438317542
12,Lao People's Democratic Republic,2002,0.355487480748151
12,Lao People's Democratic Republic,2003,0.365367553167982
12,Lao People's Democratic Republic,2004,0.375032516763208
12,Lao People's Democratic Republic,2005,0.384582176103838
12,Lao People's Democratic Republic,2006,0.394483654107613
12,Lao People's Democratic Republic,2007,0.404468777151996
12,Lao People's Democratic Republic,2008,0.413936200012489
12,Lao People's Democratic Republic,2009,0.423126397426241
12,Lao People's Democratic Republic,2010,0.431761756783155
12,Lao People's Democratic Republic,2011,0.440009619762745
12,Lao People's Democratic Republic,2012,0.447882442851516
12,Lao People's Democratic Republic,2013,0.455486830013949
12,Lao People's Democratic Republic,2014,0.462753950452619
12,Lao People's Democratic Republic,2015,0.469682052478148
12,Lao People's Democratic Republic,2016,0.476403041015381
12,Lao People's Democratic Republic,2017,0.482890682737641
12,Lao People's Democratic Republic,2018,0.489018869051499
12,Lao People's Democratic Republic,2019,0.49496909692536
12,Lao People's Democratic Republic,2020,0.50032525534276
12,Lao People's Democratic Republic,2021,0.505411847468282
12,Lao People's Democratic Republic,2022,0.510298517786203
12,Lao People's Democratic Republic,2023,0.51500826870438
146,Lebanon,2000,0.603318954843895
146,Lebanon,2001,0.607754606597093
146,Lebanon,2002,0.612197990602858
146,Lebanon,2003,0.616548360668593
146,Lebanon,2004,0.621613652734519
146,Lebanon,2005,0.626915049477204
146,Lebanon,2006,0.631910161514665
146,Lebanon,2007,0.637746546154659
146,Lebanon,2008,0.644364605637596
146,Lebanon,2009,0.652217414256057
146,Lebanon,2010,0.660314075630584
146,Lebanon,2011,0.667529553240318
146,Lebanon,2012,0.674471482808602
146,Lebanon,2013,0.681649132423533
146,Lebanon,2014,0.689040750272821
146,Lebanon,2015,0.695663972372751
146,Lebanon,2016,0.701140918348939
146,Lebanon,2017,0.706193353804594
146,Lebanon,2018,0.711079894126481
146,Lebanon,2019,0.715375676862528
146,Lebanon,2020,0.717356465961457
146,Lebanon,2021,0.719229519704963
146,Lebanon,2022,0.721273708616398
146,Lebanon,2023,0.723671502471512
13,Malaysia,2000,0.654897980983818
13,Malaysia,2001,0.663046821057099
13,Malaysia,2002,0.670078782259163
13,Malaysia,2003,0.676296343427023
13,Malaysia,2004,0.682189849164861
13,Malaysia,2005,0.687714111196474
13,Malaysia,2006,0.692925839275594
13,Malaysia,2007,0.697664335546856
13,Malaysia,2008,0.702313383838719
13,Malaysia,2009,0.706868400096417
13,Malaysia,2010,0.711871777188498
13,Malaysia,2011,0.716779072262893
13,Malaysia,2012,0.722196746293265
13,Malaysia,2013,0.727266585706762
13,Malaysia,2014,0.732166340617
13,Malaysia,2015,0.736875671847706
13,Malaysia,2016,0.741154625176841
13,Malaysia,2017,0.745784581132949
13,Malaysia,2018,0.750679342576957
13,Malaysia,2019,0.755793908628568
13,Malaysia,2020,0.760095563836872
13,Malaysia,2021,0.763674986951371
13,Malaysia,2022,0.767055121933634
13,Malaysia,2023,0.770371353495985
14,Maldives,2000,0.479842249143277
14,Maldives,2001,0.491828069068287
14,Maldives,2002,0.502949515904115
14,Maldives,2003,0.513774342072831
14,Maldives,2004,0.524094464435502
14,Maldives,2005,0.532291043247265
14,Maldives,2006,0.541772425683338
14,Maldives,2007,0.551285911122372
14,Maldives,2008,0.560687394441763
14,Maldives,2009,0.568555528722456
14,Maldives,2010,0.576605506571125
14,Maldives,2011,0.585114376157631
14,Maldives,2012,0.593310704425893
14,Maldives,2013,0.601534609568347
14,Maldives,2014,0.609860146581739
14,Maldives,2015,0.617796717577051
14,Maldives,2016,0.625293443599921
14,Maldives,2017,0.632289348560894
14,Maldives,2018,0.638795310668657
14,Maldives,2019,0.644993598521493
14,Maldives,2020,0.646876636668877
14,Maldives,2021,0.650923030250744
14,Maldives,2022,0.655723170061413
14,Maldives,2023,0.660888616288986
38,Mongolia,2000,0.540500150819501
38,Mongolia,2001,0.547129080816659
38,Mongolia,2002,0.553802116381091
38,Mongolia,2003,0.560383090001101
38,Mongolia,2004,0.567096228975283
38,Mongolia,2005,0.573216234272735
38,Mongolia,2006,0.579102141535866
38,Mongolia,2007,0.584819385326267
38,Mongolia,2008,0.58987146611652
38,Mongolia,2009,0.59328278121857
38,Mongolia,2010,0.596724127234748
38,Mongolia,2011,0.601143161069026
38,Mongolia,2012,0.60585347717864
38,Mongolia,2013,0.610521238497825
38,Mongolia,2014,0.61523197430791
38,Mongolia,2015,0.619420419250377
38,Mongolia,2016,0.623518132546511
38,Mongolia,2017,0.628286540998354
38,Mongolia,2018,0.633748149602435
38,Mongolia,2019,0.639952833917812
38,Mongolia,2020,0.645180221727652
38,Mongolia,2021,0.650108981996591
38,Mongolia,2022,0.654996974558364
38,Mongolia,2023,0.659697833073505
15,Myanmar,2000,0.3761610990665
15,Myanmar,2001,0.383897613787175
15,Myanmar,2002,0.392119467259151
15,Myanmar,2003,0.401051010099143
15,Myanmar,2004,0.410530652051277
15,Myanmar,2005,0.420319287542406
15,Myanmar,2006,0.430046556917219
15,Myanmar,2007,0.439426857387942
15,Myanmar,2008,0.447945784341085
15,Myanmar,2009,0.455906456056665
15,Myanmar,2010,0.463434343634145
15,Myanmar,2011,0.470286226875465
15,Myanmar,2012,0.475830760797702
15,Myanmar,2013,0.482321405275014
15,Myanmar,2014,0.488681520330311
15,Myanmar,2015,0.494765578261356
15,Myanmar,2016,0.500553392164419
15,Myanmar,2017,0.5062858980766
15,Myanmar,2018,0.512177750312652
15,Myanmar,2019,0.518005127089801
15,Myanmar,2020,0.522942112612549
15,Myanmar,2021,0.526046894293875
15,Myanmar,2022,0.52908085116025
15,Myanmar,2023,0.532025371956506
164,Nepal,2000,0.279483960006832
164,Nepal,2001,0.287838064495827
164,Nepal,2002,0.295859895272201
164,Nepal,2003,0.304043927943488
164,Nepal,2004,0.312614764537286
164,Nepal,2005,0.321382371393466
164,Nepal,2006,0.330221633987125
164,Nepal,2007,0.339102972810983
164,Nepal,2008,0.348411890054921
164,Nepal,2009,0.357845367699613
164,Nepal,2010,0.367349221617052
164,Nepal,2011,0.376383671238072
164,Nepal,2012,0.384974548881795
164,Nepal,2013,0.393498309897625
164,Nepal,2014,0.402188745636134
164,Nepal,2015,0.410781210024731
164,Nepal,2016,0.418699283307213
164,Nepal,2017,0.427226131433063
164,Nepal,2018,0.435770929062028
164,Nepal,2019,0.444240124369674
164,Nepal,2020,0.451488053205078
164,Nepal,2021,0.458389217919368
164,Nepal,2022,0.464970032518786
164,Nepal,2023,0.471006784307043
7,Democratic People's Republic of Korea,2000,0.500007940530924
7,Democratic People's Republic of Korea,2001,0.502171474196596
7,Democratic People's Republic of Korea,2002,0.50503451825386
7,Democratic People's Republic of Korea,2003,0.508486372795129
7,Democratic People's Republic of Korea,2004,0.512497927113021
7,Democratic People's Republic of Korea,2005,0.517295136586453
7,Democratic People's Republic of Korea,2006,0.521864976594824
7,Democratic People's Republic of Korea,2007,0.526160765482837
7,Democratic People's Republic of Korea,2008,0.53084547490318
7,Democratic People's Republic of Korea,2009,0.535085518888359
7,Democratic People's Republic of Korea,2010,0.539063576203414
7,Democratic People's Republic of Korea,2011,0.542982816276282
7,Democratic People's Republic of Korea,2012,0.546988305629367
7,Democratic People's Republic of Korea,2013,0.551054487586644
7,Democratic People's Republic of Korea,2014,0.55509944295541
7,Democratic People's Republic of Korea,2015,0.558731057262377
7,Democratic People's Republic of Korea,2016,0.562861450879256
7,Democratic People's Republic of Korea,2017,0.566186489991109
7,Democratic People's Republic of Korea,2018,0.56858064116222
7,Democratic People's Republic of Korea,2019,0.570964353441469
7,Democratic People's Republic of Korea,2020,0.572453009805887
7,Democratic People's Republic of Korea,2021,0.573858026311157
7,Democratic People's Republic of Korea,2022,0.5752321135444
7,Democratic People's Republic of Korea,2023,0.577059939678444
150,Oman,2000,0.615785968361251
150,Oman,2001,0.63049238501745
150,Oman,2002,0.6433294423464
150,Oman,2003,0.654504588021367
150,Oman,2004,0.664845800980226
150,Oman,2005,0.674136434864804
150,Oman,2006,0.683227686708786
150,Oman,2007,0.691400008461353
150,Oman,2008,0.699323249817548
150,Oman,2009,0.70638312052016
150,Oman,2010,0.712849225160924
150,Oman,2011,0.718747804980253
150,Oman,2012,0.724499229882455
150,Oman,2013,0.729934267769985
150,Oman,2014,0.735070630600967
150,Oman,2015,0.739951441804317
150,Oman,2016,0.744820692652491
150,Oman,2017,0.749769314691229
150,Oman,2018,0.755067475124923
150,Oman,2019,0.760330426798041
150,Oman,2020,0.765462717552106
150,Oman,2021,0.770781306926274
150,Oman,2022,0.77597149112297
150,Oman,2023,0.781268793509239
165,Pakistan,2000,0.371079894190431
165,Pakistan,2001,0.376300058671775
165,Pakistan,2002,0.381261612521965
165,Pakistan,2003,0.386298295954323
165,Pakistan,2004,0.39178269163713
165,Pakistan,2005,0.397639405060543
165,Pakistan,2006,0.403747317208734
165,Pakistan,2007,0.409952256697673
165,Pakistan,2008,0.416124142144964
165,Pakistan,2009,0.422452500244717
165,Pakistan,2010,0.428907193243773
165,Pakistan,2011,0.435501282847501
165,Pakistan,2012,0.441952053841147
165,Pakistan,2013,0.448463962260823
165,Pakistan,2014,0.454865748816636
165,Pakistan,2015,0.461365964801296
165,Pakistan,2016,0.467840974494889
165,Pakistan,2017,0.474370555264646
165,Pakistan,2018,0.481094524473104
165,Pakistan,2019,0.487643863701958
165,Pakistan,2020,0.493870264659746
165,Pakistan,2021,0.500372779465446
165,Pakistan,2022,0.506795185207746
165,Pakistan,2023,0.512722943885286
149,Palestine,2000,0.475573580499657
149,Palestine,2001,0.479424650184774
149,Palestine,2002,0.481720155781128
149,Palestine,2003,0.484966338622267
149,Palestine,2004,0.489770397954095
149,Palestine,2005,0.495628409374211
149,Palestine,2006,0.501109910534737
149,Palestine,2007,0.506871330413343
149,Palestine,2008,0.513381820428019
149,Palestine,2009,0.520968379644899
149,Palestine,2010,0.529281425041948
149,Palestine,2011,0.538655609484099
149,Palestine,2012,0.548667781980176
149,Palestine,2013,0.558254318705705
149,Palestine,2014,0.567440994800154
149,Palestine,2015,0.576755395716875
149,Palestine,2016,0.586731088408203
149,Palestine,2017,0.596127487782367
149,Palestine,2018,0.604889782278809
149,Palestine,2019,0.613164746525207
149,Palestine,2020,0.619437574803193
149,Palestine,2021,0.626043043164264
149,Palestine,2022,0.632651013540011
149,Palestine,2023,0.637979799682981
16,Philippines,2000,0.551173907707509
16,Philippines,2001,0.553299307055837
16,Philippines,2002,0.55523664153922
16,Philippines,2003,0.556987022141923
16,Philippines,2004,0.558661379186765
16,Philippines,2005,0.560211078622864
16,Philippines,2006,0.561990449822922
16,Philippines,2007,0.564212299051975
16,Philippines,2008,0.56695671582969
16,Philippines,2009,0.570030548863491
16,Philippines,2010,0.574283165692624
16,Philippines,2011,0.579737679764985
16,Philippines,2012,0.58659268711214
16,Philippines,2013,0.594047011582506
16,Philippines,2014,0.601998317428844
16,Philippines,2015,0.61031034001132
16,Philippines,2016,0.618962729424075
16,Philippines,2017,0.627811331635826
16,Philippines,2018,0.636551771299459
16,Philippines,2019,0.645249439652569
16,Philippines,2020,0.651748105484388
16,Philippines,2021,0.657872410469285
16,Philippines,2022,0.66385557287086
16,Philippines,2023,0.66941619148476
151,Qatar,2000,0.726665868162706
151,Qatar,2001,0.733354780427902
151,Qatar,2002,0.740443913830485
151,Qatar,2003,0.747997822829336
151,Qatar,2004,0.755909302630693
151,Qatar,2005,0.763772269050649
151,Qatar,2006,0.771015522936124
151,Qatar,2007,0.777629842141724
151,Qatar,2008,0.783577487485701
151,Qatar,2009,0.78918299251578
151,Qatar,2010,0.794426928226376
151,Qatar,2011,0.799152529154061
151,Qatar,2012,0.803720018580006
151,Qatar,2013,0.808308907638182
151,Qatar,2014,0.813109756119864
151,Qatar,2015,0.818200041738563
151,Qatar,2016,0.823553440305837
151,Qatar,2017,0.829006381444947
151,Qatar,2018,0.834550724364993
151,Qatar,2019,0.840029031188942
151,Qatar,2020,0.845318928147772
151,Qatar,2021,0.850303799783496
151,Qatar,2022,0.854918350078006
151,Qatar,2023,0.859589917584219
152,Saudi Arabia,2000,0.644674852450005
152,Saudi Arabia,2001,0.655908185753686
152,Saudi Arabia,2002,0.66608700290956
152,Saudi Arabia,2003,0.676488748780396
152,Saudi Arabia,2004,0.687183442413773
152,Saudi Arabia,2005,0.698129853042623
152,Saudi Arabia,2006,0.708997589478262
152,Saudi Arabia,2007,0.719365265253535
152,Saudi Arabia,2008,0.729885370147775
152,Saudi Arabia,2009,0.739033401780681
152,Saudi Arabia,2010,0.7480579007679
152,Saudi Arabia,2011,0.757716839206638
152,Saudi Arabia,2012,0.766616107015826
152,Saudi Arabia,2013,0.774456321238621
152,Saudi Arabia,2014,0.781638604130945
152,Saudi Arabia,2015,0.78803831940537294
152,Saudi Arabia,2016,0.793832941397897
152,Saudi Arabia,2017,0.799196174454002
152,Saudi Arabia,2018,0.804554620494838
152,Saudi Arabia,2019,0.809584696594704
152,Saudi Arabia,2020,0.813739967187258
152,Saudi Arabia,2021,0.818329790614438
152,Saudi Arabia,2022,0.823394740006293
152,Saudi Arabia,2023,0.828451181535215
69,Singapore,2000,0.777609695601614
69,Singapore,2001,0.784552531858241
69,Singapore,2002,0.79012073780408
69,Singapore,2003,0.794886205637722
69,Singapore,2004,0.800466736810504
69,Singapore,2005,0.807120975928934
69,Singapore,2006,0.814123488377177
69,Singapore,2007,0.821357791496697
69,Singapore,2008,0.829026862593009
69,Singapore,2009,0.834443286723522
69,Singapore,2010,0.838312166587482
69,Singapore,2011,0.84162911398737
69,Singapore,2012,0.845157208798215
69,Singapore,2013,0.848551512353207
69,Singapore,2014,0.851320806369372
69,Singapore,2015,0.854226508995033
69,Singapore,2016,0.856930124095545
69,Singapore,2017,0.859035281274114
69,Singapore,2018,0.861113141569625
69,Singapore,2019,0.863032188080664
69,Singapore,2020,0.864906224373029
69,Singapore,2021,0.866698816251884
69,Singapore,2022,0.86831342840337
69,Singapore,2023,0.869993867855515
68,Republic of Korea,2000,0.790186769194219
68,Republic of Korea,2001,0.797822158626235
68,Republic of Korea,2002,0.804939850650472
68,Republic of Korea,2003,0.811195965696143
68,Republic of Korea,2004,0.816835108583648
68,Republic of Korea,2005,0.821854437212658
68,Republic of Korea,2006,0.826597660321553
68,Republic of Korea,2007,0.831256012555896
68,Republic of Korea,2008,0.835759969703964
68,Republic of Korea,2009,0.839699168178547
68,Republic of Korea,2010,0.84382039153366
68,Republic of Korea,2011,0.847879828289664
68,Republic of Korea,2012,0.851785290556464
68,Republic of Korea,2013,0.855648141223894
68,Republic of Korea,2014,0.85946313114352
68,Republic of Korea,2015,0.863345827604175
68,Republic of Korea,2016,0.867378066604536
68,Republic of Korea,2017,0.871362698187406
68,Republic of Korea,2018,0.875314450305724
68,Republic of Korea,2019,0.879001605643619
68,Republic of Korea,2020,0.882215741188653
68,Republic of Korea,2021,0.885572991587443
68,Republic of Korea,2022,0.888633766749593
68,Republic of Korea,2023,0.891662727007765
17,Sri Lanka,2000,0.599529516917152
17,Sri Lanka,2001,0.603256870530049
17,Sri Lanka,2002,0.607425454472964
17,Sri Lanka,2003,0.612306481323472
17,Sri Lanka,2004,0.617546139660621
17,Sri Lanka,2005,0.622984243453974
17,Sri Lanka,2006,0.628759369487745
17,Sri Lanka,2007,0.634772720194142
17,Sri Lanka,2008,0.640931050064538
17,Sri Lanka,2009,0.647096328133934
17,Sri Lanka,2010,0.653597090779897
17,Sri Lanka,2011,0.660727610731187
17,Sri Lanka,2012,0.668536932278675
17,Sri Lanka,2013,0.676200577302321
17,Sri Lanka,2014,0.683885527123881
17,Sri Lanka,2015,0.691177439783639
17,Sri Lanka,2016,0.698090459067042
17,Sri Lanka,2017,0.704709785381848
17,Sri Lanka,2018,0.71086327905533
17,Sri Lanka,2019,0.716521361742262
17,Sri Lanka,2020,0.72106156031306
17,Sri Lanka,2021,0.725545978077825
17,Sri Lanka,2022,0.728565974491235
17,Sri Lanka,2023,0.730697975751999
153,Syrian Arab Republic,2000,0.459815874124188
153,Syrian Arab Republic,2001,0.463293692063017
153,Syrian Arab Republic,2002,0.46751548977359
153,Syrian Arab Republic,2003,0.472033427109865
153,Syrian Arab Republic,2004,0.478151902898225
153,Syrian Arab Republic,2005,0.486437087772648
153,Syrian Arab Republic,2006,0.494532110301378
153,Syrian Arab Republic,2007,0.503112409339909
153,Syrian Arab Republic,2008,0.511697823156695
153,Syrian Arab Republic,2009,0.520018053246638
153,Syrian Arab Republic,2010,0.528704368649042
153,Syrian Arab Republic,2011,0.536926287356911
153,Syrian Arab Republic,2012,0.542412187208379
153,Syrian Arab Republic,2013,0.544705925990881
153,Syrian Arab Republic,2014,0.545346303807236
153,Syrian Arab Republic,2015,0.54619328733965
153,Syrian Arab Republic,2016,0.548511069849385
153,Syrian Arab Republic,2017,0.552215032865478
153,Syrian Arab Republic,2018,0.557158683508198
153,Syrian Arab Republic,2019,0.56363238722761
153,Syrian Arab Republic,2020,0.570155058904365
153,Syrian Arab Republic,2021,0.576828269996648
153,Syrian Arab Republic,2022,0.583282159347024
153,Syrian Arab Republic,2023,0.588681920271046
39,Tajikistan,2000,0.454905206013521
39,Tajikistan,2001,0.455071118808971
39,Tajikistan,2002,0.458821902689801
39,Tajikistan,2003,0.464464165074854
39,Tajikistan,2004,0.471257308011029
39,Tajikistan,2005,0.47739084868058
39,Tajikistan,2006,0.482763519180853
39,Tajikistan,2007,0.487453034063288
39,Tajikistan,2008,0.491268580744266
39,Tajikistan,2009,0.494424622298576
39,Tajikistan,2010,0.497658470125922
39,Tajikistan,2011,0.500933399476157
39,Tajikistan,2012,0.504543907869817
39,Tajikistan,2013,0.507738766462288
39,Tajikistan,2014,0.511506220583001
39,Tajikistan,2015,0.514611302451698
39,Tajikistan,2016,0.518038399570193
39,Tajikistan,2017,0.522361137210856
39,Tajikistan,2018,0.526596680425053
39,Tajikistan,2019,0.531183631544775
39,Tajikistan,2020,0.535658043276284
39,Tajikistan,2021,0.540550593854573
39,Tajikistan,2022,0.545706305202943
39,Tajikistan,2023,0.551182018908978
18,Thailand,2000,0.574239749295443
18,Thailand,2001,0.578126001496128
18,Thailand,2002,0.58204660380275
18,Thailand,2003,0.586190838204422
18,Thailand,2004,0.59051284380277
18,Thailand,2005,0.594837574960245
18,Thailand,2006,0.599385845900368
18,Thailand,2007,0.60427949097114
18,Thailand,2008,0.609785035784798
18,Thailand,2009,0.615756340836652
18,Thailand,2010,0.621066406860189
18,Thailand,2011,0.624933567927365
18,Thailand,2012,0.6299092649196
18,Thailand,2013,0.635595171173909
18,Thailand,2014,0.641265556982549
18,Thailand,2015,0.64701172943053
18,Thailand,2016,0.652880825956655
18,Thailand,2017,0.658824843802419
18,Thailand,2018,0.664802488955485
18,Thailand,2019,0.67052796430859
18,Thailand,2020,0.675101293422749
18,Thailand,2021,0.679413351207998
18,Thailand,2022,0.683479273462301
18,Thailand,2023,0.687187779653928
19,Timor-Leste,2000,0.353945827690923
19,Timor-Leste,2001,0.359413085854609
19,Timor-Leste,2002,0.364064524111619
19,Timor-Leste,2003,0.368422746585759
19,Timor-Leste,2004,0.37267396858826
19,Timor-Leste,2005,0.376941104430644
19,Timor-Leste,2006,0.380654583324426
19,Timor-Leste,2007,0.385311309339586
19,Timor-Leste,2008,0.391138883964475
19,Timor-Leste,2009,0.398176210600374
19,Timor-Leste,2010,0.405463442743651
19,Timor-Leste,2011,0.412886300123848
19,Timor-Leste,2012,0.420200935514109
19,Timor-Leste,2013,0.427006420656902
19,Timor-Leste,2014,0.433586590943539
19,Timor-Leste,2015,0.439475885405859
19,Timor-Leste,2016,0.44504775781135397
19,Timor-Leste,2017,0.449344848724266
19,Timor-Leste,2018,0.452871403967181
19,Timor-Leste,2019,0.458625696671062
19,Timor-Leste,2020,0.465875872162931
19,Timor-Leste,2021,0.476931005280267
19,Timor-Leste,2022,0.483069434003156
19,Timor-Leste,2023,0.484532957581547
40,Turkmenistan,2000,0.577871318641546
40,Turkmenistan,2001,0.581760737964392
40,Turkmenistan,2002,0.586491652628837
40,Turkmenistan,2003,0.591678292930497
40,Turkmenistan,2004,0.597600346353886
40,Turkmenistan,2005,0.604027857112884
40,Turkmenistan,2006,0.609966252698081
40,Turkmenistan,2007,0.615424054703866
40,Turkmenistan,2008,0.620593543657605
40,Turkmenistan,2009,0.625626189052049
40,Turkmenistan,2010,0.630795157827813
40,Turkmenistan,2011,0.63640043284322
40,Turkmenistan,2012,0.64157303683957
40,Turkmenistan,2013,0.646380653977999
40,Turkmenistan,2014,0.651107309372227
40,Turkmenistan,2015,0.655697374318457
40,Turkmenistan,2016,0.659927963649295
40,Turkmenistan,2017,0.663933332627251
40,Turkmenistan,2018,0.66783256760104
40,Turkmenistan,2019,0.671289702196287
40,Turkmenistan,2020,0.674064912850318
40,Turkmenistan,2021,0.676669806619512
40,Turkmenistan,2022,0.679336739316315
40,Turkmenistan,2023,0.682174647241879
155,Türkiye,2000,0.55499548280389
155,Türkiye,2001,0.561406571260245
155,Türkiye,2002,0.567784987173405
155,Türkiye,2003,0.574111138200918
155,Türkiye,2004,0.580993376083464
155,Türkiye,2005,0.588306568611683
155,Türkiye,2006,0.595994281778225
155,Türkiye,2007,0.603612733946999
155,Türkiye,2008,0.610915801218229
155,Türkiye,2009,0.61729828457256
155,Türkiye,2010,0.624068650491907
155,Türkiye,2011,0.631327285906789
155,Türkiye,2012,0.638489700858891
155,Türkiye,2013,0.646118107703525
155,Türkiye,2014,0.654097267928247
155,Türkiye,2015,0.662687375341208
155,Türkiye,2016,0.671189868576026
155,Türkiye,2017,0.679948065924213
155,Türkiye,2018,0.688716725241907
155,Türkiye,2019,0.697074969096362
155,Türkiye,2020,0.705100899224734
155,Türkiye,2021,0.713858329380625
155,Türkiye,2022,0.722501332601022
155,Türkiye,2023,0.730952258007143
156,United Arab Emirates,2000,0.767154531632565
156,United Arab Emirates,2001,0.773969769183834
156,United Arab Emirates,2002,0.780223194602162
156,United Arab Emirates,2003,0.786436865926523
156,United Arab Emirates,2004,0.793139717778842
156,United Arab Emirates,2005,0.800416744005226
156,United Arab Emirates,2006,0.809295666031543
156,United Arab Emirates,2007,0.818639702282849
156,United Arab Emirates,2008,0.826664414397483
156,United Arab Emirates,2009,0.832273468982423
156,United Arab Emirates,2010,0.835135961415774
156,United Arab Emirates,2011,0.836406843340005
156,United Arab Emirates,2012,0.836538673562748
156,United Arab Emirates,2013,0.835994296278022
156,United Arab Emirates,2014,0.835337471769248
156,United Arab Emirates,2015,0.83522604528031
156,United Arab Emirates,2016,0.836632059659178
156,United Arab Emirates,2017,0.839909987232619
156,United Arab Emirates,2018,0.844234359853783
156,United Arab Emirates,2019,0.848747917860102
156,United Arab Emirates,2020,0.852774971364858
156,United Arab Emirates,2021,0.856211191878775
156,United Arab Emirates,2022,0.859200777586271
156,United Arab Emirates,2023,0.862209546101614
41,Uzbekistan,2000,0.560521693818092
41,Uzbekistan,2001,0.567480187390964
41,Uzbekistan,2002,0.574224111996853
41,Uzbekistan,2003,0.58047607918717
41,Uzbekistan,2004,0.58643881171834
41,Uzbekistan,2005,0.59194251560286
41,Uzbekistan,2006,0.597003002969874
41,Uzbekistan,2007,0.602053362456469
41,Uzbekistan,2008,0.606847939716284
41,Uzbekistan,2009,0.61154928641838
41,Uzbekistan,2010,0.61613357219409
41,Uzbekistan,2011,0.620353836003665
41,Uzbekistan,2012,0.623915840641502
41,Uzbekistan,2013,0.626790032452726
41,Uzbekistan,2014,0.629192915158077
41,Uzbekistan,2015,0.631219825576056
41,Uzbekistan,2016,0.632228526711272
41,Uzbekistan,2017,0.632186179856101
41,Uzbekistan,2018,0.631416993031351
41,Uzbekistan,2019,0.630344745793056
41,Uzbekistan,2020,0.628972568456094
41,Uzbekistan,2021,0.628654037811719
41,Uzbekistan,2022,0.629770083421944
41,Uzbekistan,2023,0.632090937276367
20,Viet Nam,2000,0.497644337688693
20,Viet Nam,2001,0.505066758230953
20,Viet Nam,2002,0.512844962442383
20,Viet Nam,2003,0.521125801170053
20,Viet Nam,2004,0.529461434093609
20,Viet Nam,2005,0.537441577125388
20,Viet Nam,2006,0.544835463464
20,Viet Nam,2007,0.551895877128542
20,Viet Nam,2008,0.5585681990643
20,Viet Nam,2009,0.564598517375543
20,Viet Nam,2010,0.570332669678968
20,Viet Nam,2011,0.575735437997838
20,Viet Nam,2012,0.581145723842655
20,Viet Nam,2013,0.586405153095753
20,Viet Nam,2014,0.591765655610625
20,Viet Nam,2015,0.597259348808101
20,Viet Nam,2016,0.602699765694775
20,Viet Nam,2017,0.608381036453168
20,Viet Nam,2018,0.614297028772972
20,Viet Nam,2019,0.620331754972946
20,Viet Nam,2020,0.626095669635274
20,Viet Nam,2021,0.631534162288895
20,Viet Nam,2022,0.637308538623884
20,Viet Nam,2023,0.64302812014407
157,Yemen,2000,0.300179019035487
157,Yemen,2001,0.309647590640278
157,Yemen,2002,0.31902462643582
157,Yemen,2003,0.328494297170665
157,Yemen,2004,0.338229230428722
157,Yemen,2005,0.348748672402306
157,Yemen,2006,0.358979159072919
157,Yemen,2007,0.368887115035843
157,Yemen,2008,0.378528063615569
157,Yemen,2009,0.387813419125894
157,Yemen,2010,0.397617880497832
157,Yemen,2011,0.405673981391276
157,Yemen,2012,0.413160981098417
157,Yemen,2013,0.420420355754988
157,Yemen,2014,0.427267254542459
157,Yemen,2015,0.43113133304263
157,Yemen,2016,0.433893741582765
157,Yemen,2017,0.435603751515078
157,Yemen,2018,0.437383093294612
157,Yemen,2019,0.439205642035801
157,Yemen,2020,0.440417261646719
157,Yemen,2021,0.442041659072742
157,Yemen,2022,0.444157716738201
157,Yemen,2023,0.44639354450192
35,Georgia,1990,0.662948862201229
35,Georgia,1991,0.668328921376644
35,Georgia,1992,0.670362429210415
35,Georgia,1993,0.668813100058693
35,Georgia,1994,0.663964875270243
35,Georgia,1995,0.657463069560276
35,Georgia,1996,0.650723831888575
35,Georgia,1997,0.644671580576929
35,Georgia,1998,0.639475501872363
35,Georgia,1999,0.636471924707424
35,Georgia,2000,0.636467758893662
35,Georgia,2001,0.639658386611084
35,Georgia,2002,0.644672365685507
35,Georgia,2003,0.650148953802114
35,Georgia,2004,0.654586555791178
35,Georgia,2005,0.65878687786679
35,Georgia,2006,0.662987085802464
35,Georgia,2007,0.667625939265469
35,Georgia,2008,0.671682240554461
35,Georgia,2009,0.675123791076671
35,Georgia,2010,0.679194879586389
35,Georgia,2011,0.683328205328433
35,Georgia,2012,0.687078664711326
35,Georgia,2013,0.690219983429242
35,Georgia,2014,0.693919574337621
35,Georgia,2015,0.699257340196022
35,Georgia,2016,0.705935434495464
35,Georgia,2017,0.713386026692918
35,Georgia,2018,0.721153701126996
35,Georgia,2019,0.729067178425006
35,Georgia,2020,0.735082167207353
35,Georgia,2021,0.741614364105456
35,Georgia,2022,0.748452626468096
35,Georgia,2023,0.754633377467428
